sourceIP,sourceTransportPort,destinationIP,destinationTransportPort,protocolIdentifier,flowStartSeconds,Throughput Standard Deviation,EWMA,ARIMA,Throughputs,EWMA Anomaly(T/F),ARIMA Anomaly(T/F),DBSCAN Anomaly(T/F)
10.10.1.36,37868,10.10.0.2,53,17,2022-08-11T05:03:53.000-07:00,"",[0.0],"",[0E-18],[false],[false],[true]
10.10.0.3,42140,10.0.2.3,53,17,2022-08-11T05:03:53.000-07:00,"",[0.0],"",[0E-18],[false],[false],[true]
10.10.0.3,45639,10.0.2.3,53,17,2022-08-11T05:03:53.000-07:00,"",[0.0],"",[0E-18],[false],[false],[true]
10.10.1.36,41949,10.10.0.2,53,17,2022-08-11T05:03:53.000-07:00,"",[0.0],"",[0E-18],[false],[false],[true]
10.10.1.36,60044,10.10.0.2,53,17,2022-08-11T05:03:53.000-07:00,"",[0.0],"",[0E-18],[false],[false],[true]
10.10.1.36,46267,10.10.0.2,53,17,2022-08-11T05:03:53.000-07:00,"",[0.0],"",[0E-18],[false],[false],[true]
10.10.1.25,42340,10.10.1.33,5201,6,2022-08-10T20:34:16.000-07:00,13.435028842544403,"[0.0, 9.5]","","[0E-18, 19.000000000000000000]","[false, false]",[false],"[true, true]"
10.10.1.36,49714,10.10.0.3,53,17,2022-08-11T05:03:53.000-07:00,"",[0.0],"",[0E-18],[false],[false],[true]
10.10.1.25,37156,10.10.1.33,5201,6,2022-08-08T21:41:26.000-07:00,1299486.3259287458,"[2.003718432E9, 3.004367176E9, 3.5045943765E9, 3.75590076425E9, 3.881175004125E9, 3.9430105210625E9, 3.97412219153125E9, 3.990109529265625E9, 3.9982084861328125E9, 4.0009325630664062E9, 4.003765919533203E9, 4.0050532377666016E9, 4.005086218883301E9, 4.0053898294416504E9, 4.005633317720825E9, 4.0059817673604126E9, 4.0057192676802063E9, 4.005736500840103E9, 4.0053327704200516E9, 4.005424637710026E9, 4.005473342855013E9, 4.0060121719275064E9, 4.006064693963753E9, 4.0060768649818764E9, 4.006740006490938E9, 4.005751543745469E9, 4.0056106788727345E9, 4.006390622436367E9, 4.0059464312181835E9, 4.0051850411090918E9, 4.003554824554546E9, 4.003408660277273E9, 4.0048935906386366E9, 4.0052064048193183E9, 4.0061976374096594E9, 4.0060259497048297E9, 4.007709468852415E9, 4.0066708064262075E9, 4.005593063713104E9, 4.005437184356552E9, 4.004975684678276E9, 4.005606883839138E9, 4.005920377919569E9, 4.0057626049597845E9, 4.0056766879798923E9, 4.0060569039899464E9, 4.005304574994973E9, 4.0053636984974866E9, 4.005059551248743E9, 4.0057631451243715E9, 4.004597302062186E9, 4.0053041540310926E9, 4.0054467250155463E9, 4.0054237910077734E9, 4.0054977545038867E9, 4.0066469377519436E9, 4.006362678375972E9, 4.005953428687986E9, 4.005776966843993E9, 4.0033674334219966E9]","[Infinity, Infinity, Infinity, NaN, NaN, NaN, NaN, NaN, NaN, NaN, NaN, NaN, NaN, NaN, NaN, NaN, NaN, NaN, NaN, NaN, NaN, NaN, NaN, NaN, NaN, NaN, NaN, NaN, NaN, NaN, NaN, NaN, NaN, NaN, NaN, NaN, NaN, NaN, NaN, NaN, NaN, NaN, NaN, NaN, NaN, NaN, NaN, NaN, NaN, NaN, NaN, NaN, NaN, NaN, NaN, NaN, NaN, NaN, NaN, NaN]","[4007436864.000000000000000000, 4005015920.000000000000000000, 4004821577.000000000000000000, 4007207152.000000000000000000, 4006449244.000000000000000000, 4004846038.000000000000000000, 4005233862.000000000000000000, 4006096867.000000000000000000, 4006307443.000000000000000000, 4003656640.000000000000000000, 4006599276.000000000000000000, 4006340556.000000000000000000, 4005119200.000000000000000000, 4005693440.000000000000000000, 4005876806.000000000000000000, 4006330217.000000000000000000, 4005456768.000000000000000000, 4005753734.000000000000000000, 4004929040.000000000000000000, 4005516505.000000000000000000, 4005522048.000000000000000000, 4006551001.000000000000000000, 4006117216.000000000000000000, 4006089036.000000000000000000, 4007403148.000000000000000000, 4004763081.000000000000000000, 4005469814.000000000000000000, 4007170566.000000000000000000, 4005502240.000000000000000000, 4004423651.000000000000000000, 4001924608.000000000000000000, 4003262496.000000000000000000, 4006378521.000000000000000000, 4005519219.000000000000000000, 4007188870.000000000000000000, 4005854262.000000000000000000, 4009392988.000000000000000000, 4005632144.000000000000000000, 4004515321.000000000000000000, 4005281305.000000000000000000, 4004514185.000000000000000000, 4006238083.000000000000000000, 4006233872.000000000000000000, 4005604832.000000000000000000, 4005590771.000000000000000000, 4006437120.000000000000000000, 4004552246.000000000000000000, 4005422822.000000000000000000, 4004755404.000000000000000000, 4006466739.000000000000000000, 4003431459.000000000000000000, 4006011006.000000000000000000, 4005589296.000000000000000000, 4005400857.000000000000000000, 4005571718.000000000000000000, 4007796121.000000000000000000, 4006078419.000000000000000000, 4005544179.000000000000000000, 4005600505.000000000000000000, 4000957900.000000000000000000]","[true, true, true, true, true, true, true, true, true, true, true, false, false, false, false, false, false, false, false, false, false, false, false, false, false, false, false, false, false, false, true, false, true, false, false, false, true, false, false, false, false, false, false, false, false, false, false, false, false, false, false, false, false, false, false, false, false, false, false, true]","[true, true, true, false, false, false, false, false, false, false, false, false, false, false, false, false, false, false, false, false, false, false, false, false, false, false, false, false, false, false, false, false, false, false, false, false, false, false, false, false, false, false, false, false, false, false, false, false, false, false, false, false, false, false, false, false, false, false, false, false]","[false, false, false, false, false, false, false, false, false, false, false, false, false, false, false, false, false, false, false, false, false, false, false, false, false, false, false, false, false, false, false, false, false, false, false, false, false, false, false, false, false, false, false, false, false, false, false, false, false, false, false, false, false, false, false, false, false, false, false, false]"
10.10.0.2,39924,10.0.2.3,53,6,2022-08-11T05:03:53.000-07:00,90.50966799187809,"[0.0, 64.0]","","[0E-18, 128.000000000000000000]","[false, false]",[false],"[true, true]"
10.10.1.25,37190,10.10.1.33,5201,6,2022-08-08T17:47:57.000-07:00,13.435028842544403,"[0.0, 9.5]","","[0E-18, 19.000000000000000000]","[false, false]",[false],"[true, true]"
10.10.1.36,34191,10.10.0.2,53,17,2022-08-11T05:03:53.000-07:00,"",[0.0],"",[0E-18],[false],[false],[true]
10.10.1.25,47064,10.10.1.33,5201,6,2022-08-08T19:11:04.000-07:00,2.47868695469068E8,"[2.003374256E9, 3.0032712205E9, 3.50474368225E9, 3.755595127125E9, 3.8810214175625E9, 3.94319018228125E9, 3.973735875140625E9, 3.9895848510703125E9, 3.9978532015351562E9, 4.001737419767578E9, 4.003547631383789E9, 4.0050838396918945E9, 4.0037851483459473E9, 4.0041308381729736E9, 4.004961127586487E9, 4.0051165537932434E9, 4.0051819118966217E9, 4.005329693448311E9, 4.0057015472241554E9, 4.0048527431120777E9, 4.004938773056039E9, 4.0047947975280194E9, 4.0053576962640095E9, 4.0053061441320047E9, 4.0045332605660024E9, 4.004694433283001E9, 4.0050288946415005E9, 4.00485228882075E9, 4.005193272410375E9, 4.005139012205188E9, 4.005150514102594E9, 4.005237455051297E9, 4.0052445255256486E9, 4.005069091262824E9, 4.006012142131412E9, 4.0055798820657063E9, 4.005443312032853E9, 4.0059895790164266E9, 4.005647295008213E9, 4.0055890395041065E9, 4.0058649997520533E9, 4.0061629478760266E9, 4.006610044938013E9, 4.0058549999690065E9, 4.0055907379845033E9, 4.0055601784922514E9, 4.0055926137461257E9, 4.005237100373063E9, 4.0055838811865315E9, 4.0065882700932655E9, 4.006063653046633E9, 4.0058931160233164E9, 4.005501766011658E9, 4.005632198005829E9, 4.0054129180029144E9, 4.007092239501457E9, 4.0067468747507286E9, 4.0048772098753643E9, 4.005403186937682E9, 3.045458066968841E9]","","[4006748512.000000000000000000, 4003168185.000000000000000000, 4006216144.000000000000000000, 4006446572.000000000000000000, 4006447708.000000000000000000, 4005358947.000000000000000000, 4004281568.000000000000000000, 4005433827.000000000000000000, 4006121552.000000000000000000, 4005621638.000000000000000000, 4005357843.000000000000000000, 4006620048.000000000000000000, 4002486457.000000000000000000, 4004476528.000000000000000000, 4005791417.000000000000000000, 4005271980.000000000000000000, 4005247270.000000000000000000, 4005477475.000000000000000000, 4006073401.000000000000000000, 4004003939.000000000000000000, 4005024803.000000000000000000, 4004650822.000000000000000000, 4005920595.000000000000000000, 4005254592.000000000000000000, 4003760377.000000000000000000, 4004855606.000000000000000000, 4005363356.000000000000000000, 4004675683.000000000000000000, 4005534256.000000000000000000, 4005084752.000000000000000000, 4005162016.000000000000000000, 4005324396.000000000000000000, 4005251596.000000000000000000, 4004893657.000000000000000000, 4006955193.000000000000000000, 4005147622.000000000000000000, 4005306742.000000000000000000, 4006535846.000000000000000000, 4005305011.000000000000000000, 4005530784.000000000000000000, 4006140960.000000000000000000, 4006460896.000000000000000000, 4007057142.000000000000000000, 4005099955.000000000000000000, 4005326476.000000000000000000, 4005529619.000000000000000000, 4005625049.000000000000000000, 4004881587.000000000000000000, 4005930662.000000000000000000, 4007592659.000000000000000000, 4005539036.000000000000000000, 4005722579.000000000000000000, 4005110416.000000000000000000, 4005762630.000000000000000000, 4005193638.000000000000000000, 4008771561.000000000000000000, 4006401510.000000000000000000, 4003007545.000000000000000000, 4005929164.000000000000000000, 2085512947.000000000000000000]","[true, true, true, true, false, false, false, false, false, false, false, false, false, false, false, false, false, false, false, false, false, false, false, false, false, false, false, false, false, false, false, false, false, false, false, false, false, false, false, false, false, false, false, false, false, false, false, false, false, false, false, false, false, false, false, false, false, false, false, true]",[false],"[false, false, false, false, false, false, false, false, false, false, false, false, false, false, false, false, false, false, false, false, false, false, false, false, false, false, false, false, false, false, false, false, false, false, false, false, false, false, false, false, false, false, false, false, false, false, false, false, false, false, false, false, false, false, false, false, false, false, false, true]"
10.10.1.25,35884,10.10.1.33,5201,6,2022-08-08T17:37:25.000-07:00,13.435028842544403,"[0.0, 9.5]","","[0E-18, 19.000000000000000000]","[false, false]",[false],"[true, true]"
10.10.1.25,45034,10.10.1.33,5201,6,2022-08-08T18:53:58.000-07:00,13.435028842544403,"[0.0, 9.5]","","[0E-18, 19.000000000000000000]","[false, false]",[false],"[true, true]"
10.10.1.36,41645,10.10.0.3,53,17,2022-08-11T05:03:53.000-07:00,"",[0.0],"",[0E-18],[false],[false],[true]
10.10.1.36,39167,10.10.0.2,53,17,2022-08-11T05:03:53.000-07:00,"",[0.0],"",[0E-18],[false],[false],[true]
10.10.1.36,59471,10.10.0.3,53,17,2022-08-11T05:03:53.000-07:00,"",[0.0],"",[0E-18],[false],[false],[true]
10.10.1.25,37154,10.10.1.33,5201,6,2022-08-08T21:41:26.000-07:00,13.435028842544403,"[0.0, 9.5]","","[0E-18, 19.000000000000000000]","[false, false]",[false],"[true, true]"
10.10.1.36,51460,10.10.0.2,53,6,2022-08-11T05:03:53.000-07:00,"",[292.0],"",[584.000000000000000000],[false],[false],[true]
10.10.1.25,41022,10.10.1.33,5201,6,2022-08-10T20:23:47.000-07:00,9.506604884902813E7,"[2.0031247775E9, 3.00422457875E9, 3.504223645875E9, 3.7546758609375E9, 3.87758832046875E9, 3.941620600234375E9, 3.9739240581171875E9, 3.9898532705585938E9, 3.997689471779297E9, 4.0015030958896484E9, 4.003703789444824E9, 4.004931692722412E9, 4.004898060361206E9, 4.005662954680603E9, 4.0055901713403015E9, 4.0049881416701508E9, 4.0048148228350754E9, 4.0054525839175377E9, 4.005506579958769E9, 4.0063781699793844E9, 4.005824866989692E9, 4.0054865819948463E9, 4.005449581997423E9, 4.0055970369987116E9, 4.005243671999356E9, 4.0053613119996777E9, 4.005964703999839E9, 4.0051196459999194E9, 4.00582724349996E9, 4.00567877024998E9, 4.00550944562499E9, 4.004971853812495E9, 4.0047161874062476E9, 4.005450288703124E9, 4.005496900851562E9, 4.0063157719257812E9, 4.0059102984628906E9, 4.0057887492314453E9, 4.0056789136157227E9, 4.0056372548078613E9, 4.0055519454039307E9, 4.0055606287019653E9, 4.0055998693509827E9, 4.0055865426754913E9, 4.0060630583377457E9, 4.005798308168873E9, 4.0056777440844364E9, 4.005485886042218E9, 4.005896827521109E9, 4.0060080632605543E9, 4.005607077630277E9, 4.005579807315139E9, 4.0051115706575694E9, 4.005093365828785E9, 4.0056374219143925E9, 4.005870617957196E9, 4.005700367978598E9, 4.007613412489299E9, 4.0064676982446494E9, 3.637844751122325E9]","","[4006249555.000000000000000000, 4005324380.000000000000000000, 4004222713.000000000000000000, 4005128076.000000000000000000, 4000500780.000000000000000000, 4005652880.000000000000000000, 4006227516.000000000000000000, 4005782483.000000000000000000, 4005525673.000000000000000000, 4005316720.000000000000000000, 4005904483.000000000000000000, 4006159596.000000000000000000, 4004864428.000000000000000000, 4006427849.000000000000000000, 4005517388.000000000000000000, 4004386112.000000000000000000, 4004641504.000000000000000000, 4006090345.000000000000000000, 4005560576.000000000000000000, 4007249760.000000000000000000, 4005271564.000000000000000000, 4005148297.000000000000000000, 4005412582.000000000000000000, 4005744492.000000000000000000, 4004890307.000000000000000000, 4005478952.000000000000000000, 4006568096.000000000000000000, 4004274588.000000000000000000, 4006534841.000000000000000000, 4005530297.000000000000000000, 4005340121.000000000000000000, 4004434262.000000000000000000, 4004460521.000000000000000000, 4006184390.000000000000000000, 4005543513.000000000000000000, 4007134643.000000000000000000, 4005504825.000000000000000000, 4005667200.000000000000000000, 4005569078.000000000000000000, 4005595596.000000000000000000, 4005466636.000000000000000000, 4005569312.000000000000000000, 4005639110.000000000000000000, 4005573216.000000000000000000, 4006539574.000000000000000000, 4005533558.000000000000000000, 4005557180.000000000000000000, 4005294028.000000000000000000, 4006307769.000000000000000000, 4006119299.000000000000000000, 4005206092.000000000000000000, 4005552537.000000000000000000, 4004643334.000000000000000000, 4005075161.000000000000000000, 4006181478.000000000000000000, 4006103814.000000000000000000, 4005530118.000000000000000000, 4009526457.000000000000000000, 4005321984.000000000000000000, 3269221804.000000000000000000]","[true, true, true, true, true, false, false, false, false, false, false, false, false, false, false, false, false, false, false, false, false, false, false, false, false, false, false, false, false, false, false, false, false, false, false, false, false, false, false, false, false, false, false, false, false, false, false, false, false, false, false, false, false, false, false, false, false, false, false, true]",[false],"[false, false, false, false, false, false, false, false, false, false, false, false, false, false, false, false, false, false, false, false, false, false, false, false, false, false, false, false, false, false, false, false, false, false, false, false, false, false, false, false, false, false, false, false, false, false, false, false, false, false, false, false, false, false, false, false, false, false, false, true]"
10.10.1.25,40018,10.10.1.33,5201,6,2022-08-08T18:12:11.000-07:00,13.435028842544403,"[0.0, 9.5]","","[0E-18, 19.000000000000000000]","[false, false]",[false],"[true, true]"
10.10.1.36,41403,10.10.0.3,53,17,2022-08-11T05:03:53.000-07:00,"",[0.0],"",[0E-18],[false],[false],[true]
10.10.1.25,58768,10.10.1.33,5201,6,2022-08-08T06:43:17.000-07:00,2.266417458083275E7,"[5.0054793695E9, 7.50899524475E9, 8.762314274875E9, 9.3876114764375E9, 9.70018569021875E9, 9.857916248109375E9, 9.935727218054688E9, 9.973007325527344E9, 9.990180068763672E9, 1.0003551957381836E10, 1.0009240861690918E10, 1.0014194881845459E10, 1.001303900392273E10, 1.0012807197961365E10, 1.0009320699480682E10, 1.0011246685740341E10, 1.001351917937017E10, 1.0016538245685085E10, 1.0015138716342543E10, 1.0013361913171272E10, 1.0015143929085636E10, 1.0013877465042818E10, 1.0012712623521408E10, 1.0012293841260704E10, 1.0014562341130352E10, 1.0009976797565176E10, 1.0011901080282589E10, 1.0012223605641294E10, 1.0007215896820648E10, 1.0012029599410324E10, 1.0013392306705162E10, 1.0012861421852581E10, 1.001213639242629E10, 1.0012317847213146E10, 1.0012006181106573E10, 1.0014879248553288E10, 9.985897208276644E9, 9.99504370313832E9, 1.000495960656916E10, 1.000804795328458E10, 1.001228907414229E10, 1.0011627957571144E10, 1.0013370266785572E10, 1.0015283509392786E10, 1.0010739912696392E10, 1.0010376084348196E10, 1.0011960656174099E10, 1.001386791208705E10, 1.0013698807043526E10, 1.0013712833521763E10, 1.0075596806760881E10, 1.004432591688044E10, 1.003156460144022E10, 9.99880913722011E9, 1.0006338093110054E10, 1.0012554683055027E10, 1.0013652493527514E10, 1.0014130032263756E10, 1.0012228120131878E10, 9.965737068065939E9]","[1.047166924252776, 1.047166924252776, 1.047166924252776, 1.047166924252776, 1.047166924252776, 1.047166924252776, 1.047166924252776, 1.047166924252776, 1.047166924252776, 1.047166924252776, 1.047166924252776, 1.047166924252776, 1.047166924252776, 1.047166924252776, 1.047166924252776, 1.047166924252776, 1.047166924252776, 1.047166924252776, 1.047166924252776, 1.047166924252776, 1.047166924252776, 1.047166924252776, 1.047166924252776, 1.047166924252776, 1.047166924252776, 1.047166924252776, 1.047166924252776, 1.047166924252776, 1.047166924252776, 1.047166924252776, 1.047166924252776, 1.047166924252776, 1.047166924252776, 1.047166924252776, 1.047166924252776, 1.047166924252776, 1.047166924252776, 1.047166924252776, 1.047166924252776, 1.047166924252776, 1.047166924252776, 1.047166924252776, 1.047166924252776, 1.047166924252776, 1.047166924252776, 1.047166924252776, 1.047166924252776, 1.047166924252776, 1.047166924252776, 1.047166924252776, 1.047166924252776, 1.047166924252776, 1.047166924252776, 1.047166924252776, 1.047166924252776, 1.047166924252776, 1.047166924252776, 1.047166924252776, 1.047166924252776, 1.047166924252776]","[10010958739.000000000000000000, 10012511120.000000000000000000, 10015633305.000000000000000000, 10012908678.000000000000000000, 10012759904.000000000000000000, 10015646806.000000000000000000, 10013538188.000000000000000000, 10010287433.000000000000000000, 10007352812.000000000000000000, 10016923846.000000000000000000, 10014929766.000000000000000000, 10019148902.000000000000000000, 10011883126.000000000000000000, 10012575392.000000000000000000, 10005834201.000000000000000000, 10013172672.000000000000000000, 10015791673.000000000000000000, 10019557312.000000000000000000, 10013739187.000000000000000000, 10011585110.000000000000000000, 10016925945.000000000000000000, 10012611001.000000000000000000, 10011547782.000000000000000000, 10011875059.000000000000000000, 10016830841.000000000000000000, 10005391254.000000000000000000, 10013825363.000000000000000000, 10012546131.000000000000000000, 10002208188.000000000000000000, 10016843302.000000000000000000, 10014755014.000000000000000000, 10012330537.000000000000000000, 10011411363.000000000000000000, 10012499302.000000000000000000, 10011694515.000000000000000000, 10017752316.000000000000000000, 9956915168.000000000000000000, 10004190198.000000000000000000, 10014875510.000000000000000000, 10011136300.000000000000000000, 10016530195.000000000000000000, 10010966841.000000000000000000, 10015112576.000000000000000000, 10017196752.000000000000000000, 10006196316.000000000000000000, 10010012256.000000000000000000, 10013545228.000000000000000000, 10015775168.000000000000000000, 10013529702.000000000000000000, 10013726860.000000000000000000, 10137480780.000000000000000000, 10013055027.000000000000000000, 10018803286.000000000000000000, 9966053673.000000000000000000, 10013867049.000000000000000000, 10018771273.000000000000000000, 10014750304.000000000000000000, 10014607571.000000000000000000, 10010326208.000000000000000000, 9919246016.000000000000000000]","[true, true, true, true, true, true, true, true, false, false, false, false, false, false, false, false, false, false, false, false, false, false, false, false, false, false, false, false, false, false, false, false, false, false, false, false, true, false, false, false, false, false, false, false, false, false, false, false, false, false, true, true, false, true, false, false, false, false, false, true]","[true, true, true, true, true, true, true, true, true, true, true, true, true, true, true, true, true, true, true, true, true, true, true, true, true, true, true, true, true, true, true, true, true, true, true, true, true, true, true, true, true, true, true, true, true, true, true, true, true, true, true, true, true, true, true, true, true, true, true, true]","[false, false, false, false, false, false, false, false, false, false, false, false, false, false, false, false, false, false, false, false, false, false, false, false, false, false, false, false, false, false, false, false, false, false, false, false, false, false, false, false, false, false, false, false, false, false, false, false, false, false, false, false, false, false, false, false, false, false, false, false]"
10.10.1.36,43110,10.10.0.3,53,17,2022-08-11T05:03:53.000-07:00,"",[0.0],"",[0E-18],[false],[false],[true]
10.10.1.25,53054,10.10.1.33,5201,6,2022-08-08T09:53:34.000-07:00,13.435028842544403,"[0.0, 9.5]","","[0E-18, 19.000000000000000000]","[false, false]",[false],"[true, true]"
10.10.1.25,47184,10.10.1.33,5201,6,2022-08-08T05:06:46.000-07:00,13.435028842544403,"[0.0, 9.5]","","[0E-18, 19.000000000000000000]","[false, false]",[false],"[true, true]"
10.10.1.25,35886,10.10.1.33,5201,6,2022-08-08T17:37:25.000-07:00,9.540143197284612E7,"[2.5032900335E9, 3.81938645475E9, 4.413048537375E9, 4.7100000186875E9, 4.85747747334375E9, 4.932293568671875E9, 4.9688739873359375E9, 4.988235326167969E9, 4.998752415083984E9, 5.003413546541992E9, 5.005087104270996E9, 5.007142940635498E9, 5.007568438317749E9, 5.0072799071588745E9, 5.008139411079437E9, 5.007468587039719E9, 5.007970739519859E9, 5.00717281425993E9, 5.007472909129965E9, 5.010165632064982E9, 5.009109372532492E9, 5.008587649266246E9, 5.007853798633123E9, 5.006763958316562E9, 5.006311495658281E9, 5.006597127829141E9, 5.00733546441457E9, 5.006828200707285E9, 5.005941941853642E9, 5.007208399426821E9, 5.00686272421341E9, 5.006902461106705E9, 5.006907886553352E9, 5.006303187776676E9, 5.007381414388338E9, 5.006515699194169E9, 5.006748844597084E9, 5.006998340298542E9, 5.007303322149271E9, 5.0076394160746355E9, 5.006735236037317E9, 5.007354696018659E9, 5.007301988009329E9, 5.007492379504664E9, 5.007263600752333E9, 5.007643116876166E9, 5.007193094438084E9, 5.007928441219042E9, 5.008070134109521E9, 5.00752943155476E9, 5.00871723727738E9, 5.00835609663869E9, 5.007632284319345E9, 5.007215028159673E9, 5.007392920079836E9, 5.006761327039918E9, 5.0067663175199585E9, 5.007955843259979E9, 5.00691614362999E9, 4.644358311814995E9]","","[5006580067.000000000000000000, 5135482876.000000000000000000, 5006710620.000000000000000000, 5006951500.000000000000000000, 5004954928.000000000000000000, 5007109664.000000000000000000, 5005454406.000000000000000000, 5007596665.000000000000000000, 5009269504.000000000000000000, 5008074678.000000000000000000, 5006760662.000000000000000000, 5009198777.000000000000000000, 5007993936.000000000000000000, 5006991376.000000000000000000, 5008998915.000000000000000000, 5006797763.000000000000000000, 5008472892.000000000000000000, 5006374889.000000000000000000, 5007773004.000000000000000000, 5012858355.000000000000000000, 5008053113.000000000000000000, 5008065926.000000000000000000, 5007119948.000000000000000000, 5005674118.000000000000000000, 5005859033.000000000000000000, 5006882760.000000000000000000, 5008073801.000000000000000000, 5006320937.000000000000000000, 5005055683.000000000000000000, 5008474857.000000000000000000, 5006517049.000000000000000000, 5006942198.000000000000000000, 5006913312.000000000000000000, 5005698489.000000000000000000, 5008459641.000000000000000000, 5005649984.000000000000000000, 5006981990.000000000000000000, 5007247836.000000000000000000, 5007608304.000000000000000000, 5007975510.000000000000000000, 5005831056.000000000000000000, 5007974156.000000000000000000, 5007249280.000000000000000000, 5007682771.000000000000000000, 5007034822.000000000000000000, 5008022633.000000000000000000, 5006743072.000000000000000000, 5008663788.000000000000000000, 5008211827.000000000000000000, 5006988729.000000000000000000, 5009905043.000000000000000000, 5007994956.000000000000000000, 5006908472.000000000000000000, 5006797772.000000000000000000, 5007570812.000000000000000000, 5006129734.000000000000000000, 5006771308.000000000000000000, 5009145369.000000000000000000, 5005876444.000000000000000000, 4281800480.000000000000000000]","[true, true, true, true, true, false, false, false, false, false, false, false, false, false, false, false, false, false, false, false, false, false, false, false, false, false, false, false, false, false, false, false, false, false, false, false, false, false, false, false, false, false, false, false, false, false, false, false, false, false, false, false, false, false, false, false, false, false, false, true]",[false],"[false, false, false, false, false, false, false, false, false, false, false, false, false, false, false, false, false, false, false, false, false, false, false, false, false, false, false, false, false, false, false, false, false, false, false, false, false, false, false, false, false, false, false, false, false, false, false, false, false, false, false, false, false, false, false, false, false, false, false, true]"
10.10.1.36,51456,10.10.0.3,53,6,2022-08-11T05:03:53.000-07:00,"",[292.0],"",[584.000000000000000000],[false],[false],[true]
10.10.1.36,48244,10.10.0.2,53,17,2022-08-11T05:03:53.000-07:00,"",[0.0],"",[0E-18],[false],[false],[true]
10.10.1.25,38496,10.10.1.33,5201,6,2022-08-08T17:58:00.000-07:00,5.3281118354712434E7,"[4.0052930365E9, 6.00892947025E9, 7.001337797125E9, 7.5048629560625E9, 7.75845990653125E9, 7.884544039265625E9, 7.9476748916328125E9, 7.978292917816406E9, 7.994792844408203E9, 8.000068825204102E9, 8.005467991602051E9, 8.009558662801025E9, 8.010149331400513E9, 8.011097599700256E9, 8.010664266850128E9, 8.010494369925064E9, 8.011017490462532E9, 8.011409425231266E9, 8.010575936615633E9, 8.0120417473078165E9, 8.009891667153908E9, 8.010442819076954E9, 8.010682942038477E9, 8.011102114019238E9, 8.011423116009619E9, 8.011908434504809E9, 8.012428741752405E9, 8.012709733876203E9, 8.013852234938101E9, 8.01154319896905E9, 8.011688672984526E9, 8.012066808492263E9, 8.012094693746132E9, 8.013034261873066E9, 8.012126752936533E9, 8.0146293954682665E9, 8.012798995234133E9, 8.012463339117066E9, 8.010571600558533E9, 8.009166940779266E9, 8.009354026889633E9, 8.009713309444817E9, 8.010712763222408E9, 8.012412279111204E9, 8.012445947555602E9, 8.0119163207778015E9, 8.011177168388901E9, 8.01233300319445E9, 8.011205243597225E9, 8.012005434298613E9, 8.012654686649306E9, 8.012551151824654E9, 8.012194458912327E9, 8.011849939456163E9, 8.012077804728082E9, 8.01285940136404E9, 8.01307275668202E9, 8.01213080684101E9, 8.012097031920506E9, 7.805606222960253E9]","[Infinity, Infinity, Infinity, NaN, NaN, NaN, NaN, NaN, NaN, NaN, NaN, NaN, NaN, NaN, NaN, NaN, NaN, NaN, NaN, NaN, NaN, NaN, NaN, NaN, NaN, NaN, NaN, NaN, NaN, NaN, NaN, NaN, NaN, NaN, NaN, NaN, NaN, NaN, NaN, NaN, NaN, NaN, NaN, NaN, NaN, NaN, NaN, NaN, NaN, NaN, NaN, NaN, NaN, NaN, NaN, NaN, NaN, NaN, NaN, NaN]","[8010586073.000000000000000000, 8012565904.000000000000000000, 7993746124.000000000000000000, 8008388115.000000000000000000, 8012056857.000000000000000000, 8010628172.000000000000000000, 8010805744.000000000000000000, 8008910944.000000000000000000, 8011292771.000000000000000000, 8005344806.000000000000000000, 8010867158.000000000000000000, 8013649334.000000000000000000, 8010740000.000000000000000000, 8012045868.000000000000000000, 8010230934.000000000000000000, 8010324473.000000000000000000, 8011540611.000000000000000000, 8011801360.000000000000000000, 8009742448.000000000000000000, 8013507558.000000000000000000, 8007741587.000000000000000000, 8010993971.000000000000000000, 8010923065.000000000000000000, 8011521286.000000000000000000, 8011744118.000000000000000000, 8012393753.000000000000000000, 8012949049.000000000000000000, 8012990726.000000000000000000, 8014994736.000000000000000000, 8009234163.000000000000000000, 8011834147.000000000000000000, 8012444944.000000000000000000, 8012122579.000000000000000000, 8013973830.000000000000000000, 8011219244.000000000000000000, 8017132038.000000000000000000, 8010968595.000000000000000000, 8012127683.000000000000000000, 8008679862.000000000000000000, 8007762281.000000000000000000, 8009541113.000000000000000000, 8010072592.000000000000000000, 8011712217.000000000000000000, 8014111795.000000000000000000, 8012479616.000000000000000000, 8011386694.000000000000000000, 8010438016.000000000000000000, 8013488838.000000000000000000, 8010077484.000000000000000000, 8012805625.000000000000000000, 8013303939.000000000000000000, 8012447617.000000000000000000, 8011837766.000000000000000000, 8011505420.000000000000000000, 8012305670.000000000000000000, 8013640998.000000000000000000, 8013286112.000000000000000000, 8011188857.000000000000000000, 8012063257.000000000000000000, 7599115414.000000000000000000]","[true, true, true, true, true, true, true, false, false, false, false, false, false, false, false, false, false, false, false, false, false, false, false, false, false, false, false, false, false, false, false, false, false, false, false, false, false, false, false, false, false, false, false, false, false, false, false, false, false, false, false, false, false, false, false, false, false, false, false, true]","[true, true, true, false, false, false, false, false, false, false, false, false, false, false, false, false, false, false, false, false, false, false, false, false, false, false, false, false, false, false, false, false, false, false, false, false, false, false, false, false, false, false, false, false, false, false, false, false, false, false, false, false, false, false, false, false, false, false, false, false]","[false, false, false, false, false, false, false, false, false, false, false, false, false, false, false, false, false, false, false, false, false, false, false, false, false, false, false, false, false, false, false, false, false, false, false, false, false, false, false, false, false, false, false, false, false, false, false, false, false, false, false, false, false, false, false, false, false, false, false, true]"
10.10.1.36,41084,185.199.110.133,443,6,2022-08-11T05:03:53.000-07:00,54.5,"[0.0, 0.0, 0.0, 54.5]","[0.0, 0.0, 0.0, 0.0]","[0E-18, 0E-18, 0E-18, 109.000000000000000000]","[false, false, false, false]","[false, false, false, true]","[false, false, false, false]"
10.10.1.36,44823,10.10.0.3,53,17,2022-08-11T05:03:53.000-07:00,"",[0.0],"",[0E-18],[false],[false],[true]
10.10.1.25,52374,10.10.1.33,5201,6,2022-08-08T19:54:35.000-07:00,9.703468635467678E7,"[2.003690016E9, 3.005303984E9, 3.504887646E9, 3.7550827365E9, 3.88028451525E9, 3.942860073625E9, 3.9736627708125E9, 3.98949958540625E9, 3.997850390703125E9, 4.0016985328515625E9, 4.0037007959257812E9, 4.0041662824628906E9, 4.0055409952314453E9, 4.0051876511157227E9, 4.0055656350578613E9, 4.0056631070289307E9, 4.0060832075144653E9, 4.0063316657572327E9, 4.0064278838786163E9, 4.005974688939308E9, 4.005340793969654E9, 4.005848230484827E9, 4.0061108927424135E9, 4.0058267868712068E9, 4.005973506935603E9, 4.0047866204678016E9, 4.005174146733901E9, 4.0054284573669505E9, 4.0051987771834755E9, 4.0053579995917377E9, 4.005445889295869E9, 4.0054083971479344E9, 4.005499084573967E9, 4.0054139452869835E9, 4.0051700331434917E9, 4.004833483571746E9, 4.005224648785873E9, 4.0055117353929367E9, 4.0066865056964684E9, 4.006041601348234E9, 4.005594947674117E9, 4.0060216913370585E9, 4.0056883941685295E9, 4.0050119760842648E9, 4.0052005095421324E9, 4.005020126771066E9, 4.0052883093855333E9, 4.0055426506927667E9, 4.005019949346383E9, 4.0055040416731915E9, 4.0056925343365955E9, 4.005165419168298E9, 4.005678232584149E9, 4.005200760792074E9, 4.005686792896037E9, 4.0056240139480186E9, 4.0056413249740095E9, 4.0058236304870048E9, 3.6330478277435026E9]","","[4007380032.000000000000000000, 4006917952.000000000000000000, 4004471308.000000000000000000, 4005277827.000000000000000000, 4005486294.000000000000000000, 4005435632.000000000000000000, 4004465468.000000000000000000, 4005336400.000000000000000000, 4006201196.000000000000000000, 4005546675.000000000000000000, 4005703059.000000000000000000, 4004631769.000000000000000000, 4006915708.000000000000000000, 4004834307.000000000000000000, 4005943619.000000000000000000, 4005760579.000000000000000000, 4006503308.000000000000000000, 4006580124.000000000000000000, 4006524102.000000000000000000, 4005521494.000000000000000000, 4004706899.000000000000000000, 4006355667.000000000000000000, 4006373555.000000000000000000, 4005542681.000000000000000000, 4006120227.000000000000000000, 4003599734.000000000000000000, 4005561673.000000000000000000, 4005682768.000000000000000000, 4004969097.000000000000000000, 4005517222.000000000000000000, 4005533779.000000000000000000, 4005370905.000000000000000000, 4005589772.000000000000000000, 4005328806.000000000000000000, 4004926121.000000000000000000, 4004496934.000000000000000000, 4005615814.000000000000000000, 4005798822.000000000000000000, 4007861276.000000000000000000, 4005396697.000000000000000000, 4005148294.000000000000000000, 4006448435.000000000000000000, 4005355097.000000000000000000, 4004335558.000000000000000000, 4005389043.000000000000000000, 4004839744.000000000000000000, 4005556492.000000000000000000, 4005796992.000000000000000000, 4004497248.000000000000000000, 4005988134.000000000000000000, 4005881027.000000000000000000, 4004638304.000000000000000000, 4006191046.000000000000000000, 4004723289.000000000000000000, 4006172825.000000000000000000, 4005561235.000000000000000000, 4005658636.000000000000000000, 4006005936.000000000000000000, 3260272025.000000000000000000]","[true, true, true, true, true, false, false, false, false, false, false, false, false, false, false, false, false, false, false, false, false, false, false, false, false, false, false, false, false, false, false, false, false, false, false, false, false, false, false, false, false, false, false, false, false, false, false, false, false, false, false, false, false, false, false, false, false, false, true]",[false],"[false, false, false, false, false, false, false, false, false, false, false, false, false, false, false, false, false, false, false, false, false, false, false, false, false, false, false, false, false, false, false, false, false, false, false, false, false, false, false, false, false, false, false, false, false, false, false, false, false, false, false, false, false, false, false, false, false, false, true]"
10.10.1.36,51153,10.10.0.2,53,17,2022-08-11T05:03:53.000-07:00,"",[0.0],"",[0E-18],[false],[false],[true]
10.10.1.25,41020,10.10.1.33,5201,6,2022-08-10T20:23:47.000-07:00,13.435028842544403,"[0.0, 9.5]","","[0E-18, 19.000000000000000000]","[false, false]",[false],"[true, true]"
10.10.1.36,54720,10.10.0.2,53,17,2022-08-11T05:03:53.000-07:00,"",[0.0],"",[0E-18],[false],[false],[true]
10.10.0.2,39922,10.0.2.3,53,6,2022-08-11T05:03:53.000-07:00,90.50966799187809,"[0.0, 64.0]","","[0E-18, 128.000000000000000000]","[false, false]",[false],"[true, true]"
10.10.1.25,52372,10.10.1.33,5201,6,2022-08-08T19:54:35.000-07:00,13.435028842544403,"[0.0, 9.5]","","[0E-18, 19.000000000000000000]","[false, false]",[false],"[true, true]"
10.10.0.3,48774,10.0.2.3,53,6,2022-08-11T05:03:53.000-07:00,90.50966799187809,"[0.0, 64.0]","","[0E-18, 128.000000000000000000]","[false, false]",[false],"[true, true]"
10.10.1.32,58890,10.10.1.37,9000,6,2022-08-02T07:50:47.000-07:00,2150.404231566657,"[0.0, 0.0, 0.0, 1312.0, 656.0, 328.0, 2988.5, 1494.25, 2164.625, 1082.3125, 3320.15625, 1660.078125, 2142.0390625, 1071.01953125, 3152.009765625, 1576.0048828125, 2100.00244140625, 1050.001220703125, 3141.5006103515625, 1570.7503051757812, 2097.3751525878906, 1048.6875762939453, 3140.8437881469727, 1570.4218940734863, 3401.710947036743, 3016.8554735183716, 1508.4277367591858, 754.2138683795929, 1689.1069341897964, 844.5534670948982, 422.2767335474491]","[0.0, 0.0, 0.0, 0.0, 2624.0000040603104, 2.5892887737697006, 4.238609463413923E-12, 1.5638226020788797, 6.304106148291301, 2.465113079007415, 54.882330138178496, 1.8655656808263128, 218.93348879662244, 1.9399514582650053, 328.72677365366906, 1.159664012411275, 588.5725139010382, 1.3280487636275073, 608.8473060325848, 0.7560973449481083, 924.723834853622, 0.9924721702914441, 847.1403256334111, 0.5349865242857295, 1213.4384060067166, 0.5601351640413677, 19.499142861682717, 8815.359006530609, 210.22871020081777, 1.0381950579880228, 292.474916994248]","[0E-18, 0E-18, 0E-18, 2624.000000000000000000, 0E-18, 0E-18, 5649.000000000000000000, 0E-18, 2835.000000000000000000, 0E-18, 5558.000000000000000000, 0E-18, 2624.000000000000000000, 0E-18, 5233.000000000000000000, 0E-18, 2624.000000000000000000, 0E-18, 5233.000000000000000000, 0E-18, 2624.000000000000000000, 0E-18, 5233.000000000000000000, 0E-18, 5233.000000000000000000, 2632.000000000000000000, 0E-18, 0E-18, 2624.000000000000000000, 0E-18, 0E-18]","[false, false, false, false, false, false, true, false, false, false, true, false, false, false, false, false, false, false, false, false, false, false, false, false, false, false, false, false, false, false, false]","[false, false, false, true, true, false, true, false, true, false, true, false, true, false, true, false, false, false, true, false, false, false, true, false, true, true, false, true, true, false, false]","[false, false, false, false, false, false, false, false, false, false, false, false, false, false, false, false, false, false, false, false, false, false, false, false, false, false, false, false, false, false, false]"
10.10.1.36,37029,10.10.0.3,53,17,2022-08-11T05:03:53.000-07:00,"",[0.0],"",[0E-18],[false],[false],[true]
10.10.1.25,33232,10.10.1.33,5201,6,2022-08-08T07:06:04.000-07:00,6.363961030678928,"[0.0, 4.5]","","[0E-18, 9.000000000000000000]","[false, false]",[false],"[true, true]"
10.10.1.36,44948,10.10.0.2,53,17,2022-08-11T05:03:53.000-07:00,"",[0.0],"",[0E-18],[false],[false],[true]
10.10.1.25,45036,10.10.1.33,5201,6,2022-08-08T18:53:58.000-07:00,3.603856490986184E8,"[2.002773528E9, 3.0044983685E9, 3.50507029125E9, 3.755216411125E9, 3.8811664195625E9, 3.94335084778125E9, 3.974348063890625E9, 3.9882279179453125E9, 3.9970144019726562E9, 4.001094059986328E9, 4.007750219993164E9, 4.005818960996582E9, 4.006031585998291E9, 4.0057261224991455E9, 4.0042849537495728E9, 4.0052825918747864E9, 4.005319690937393E9, 4.0059773219686966E9, 4.0044921949843483E9, 4.005228609492174E9, 4.005086640746087E9, 4.0048238673730435E9, 4.0060700996865215E9, 4.005690785843261E9, 4.0051670869216304E9, 4.0051778504608154E9, 4.0054086467304077E9, 4.005584836865204E9, 4.005672435932602E9, 4.008040775966301E9, 4.0067474804831505E9, 4.0063300007415752E9, 4.0064578833707876E9, 4.004423231185394E9, 4.004500922592697E9, 4.0049554532963486E9, 4.0055623921481743E9, 4.005441730074087E9, 4.0049553545370436E9, 4.005266531268522E9, 4.005304532634261E9, 4.0060700278171306E9, 4.0057149864085655E9, 4.0053252772042828E9, 4.0048548256021414E9, 4.0052213423010707E9, 4.0052984116505356E9, 4.005150191325268E9, 4.005246404162634E9, 4.005046090081317E9, 4.0055248240406585E9, 4.0020930710203295E9, 4.0042093015101647E9, 4.009107943255082E9, 4.006903139627541E9, 4.0067015903137703E9, 4.004155342156885E9, 4.0050265860784426E9, 4.0048349535392213E9, 2.6094452732696104E9]","","[4005547056.000000000000000000, 4006223209.000000000000000000, 4005642214.000000000000000000, 4005362531.000000000000000000, 4007116428.000000000000000000, 4005535276.000000000000000000, 4005345280.000000000000000000, 4002107772.000000000000000000, 4005800886.000000000000000000, 4005173718.000000000000000000, 4014406380.000000000000000000, 4003887702.000000000000000000, 4006244211.000000000000000000, 4005420659.000000000000000000, 4002843785.000000000000000000, 4006280230.000000000000000000, 4005356790.000000000000000000, 4006634953.000000000000000000, 4003007068.000000000000000000, 4005965024.000000000000000000, 4004944672.000000000000000000, 4004561094.000000000000000000, 4007316332.000000000000000000, 4005311472.000000000000000000, 4004643388.000000000000000000, 4005188614.000000000000000000, 4005639443.000000000000000000, 4005761027.000000000000000000, 4005760035.000000000000000000, 4010409116.000000000000000000, 4005454185.000000000000000000, 4005912521.000000000000000000, 4006585766.000000000000000000, 4002388579.000000000000000000, 4004578614.000000000000000000, 4005409984.000000000000000000, 4006169331.000000000000000000, 4005321068.000000000000000000, 4004468979.000000000000000000, 4005577708.000000000000000000, 4005342534.000000000000000000, 4006835523.000000000000000000, 4005359945.000000000000000000, 4004935568.000000000000000000, 4004384374.000000000000000000, 4005587859.000000000000000000, 4005375481.000000000000000000, 4005001971.000000000000000000, 4005342617.000000000000000000, 4004845776.000000000000000000, 4006003558.000000000000000000, 3998661318.000000000000000000, 4006325532.000000000000000000, 4014006585.000000000000000000, 4004698336.000000000000000000, 4006500041.000000000000000000, 4001609094.000000000000000000, 4005897830.000000000000000000, 4004643321.000000000000000000, 1214055593.000000000000000000]","[true, true, true, false, false, false, false, false, false, false, false, false, false, false, false, false, false, false, false, false, false, false, false, false, false, false, false, false, false, false, false, false, false, false, false, false, false, false, false, false, false, false, false, false, false, false, false, false, false, false, false, false, false, false, false, false, false, false, false, true]",[false],"[false, false, false, false, false, false, false, false, false, false, false, false, false, false, false, false, false, false, false, false, false, false, false, false, false, false, false, false, false, false, false, false, false, false, false, false, false, false, false, false, false, false, false, false, false, false, false, false, false, false, false, false, false, false, false, false, false, false, false, true]"
10.10.1.36,51462,10.10.0.2,53,6,2022-08-11T05:03:53.000-07:00,"",[280.5],"",[561.000000000000000000],[false],[false],[true]
10.10.1.36,47034,34.120.177.193,443,6,2022-08-11T05:03:53.000-07:00,69.5,"[0.0, 0.0, 0.0, 69.5]","[0.0, 0.0, 0.0, 0.0]","[0E-18, 0E-18, 0E-18, 139.000000000000000000]","[false, false, false, false]","[false, false, false, true]","[false, false, false, false]"
10.10.1.25,40020,10.10.1.33,5201,6,2022-08-08T18:12:11.000-07:00,5.1279367547388566E8,"[2.0023470685E9, 3.00439441075E9, 3.505299974875E9, 3.7559645824375E9, 3.87985140321875E9, 3.942697791109375E9, 3.9736043930546875E9, 3.9903169835273438E9, 3.997718342763672E9, 4.000806993381836E9, 4.003614568690918E9, 4.004912492345459E9, 4.0054722156727295E9, 4.0069051378363647E9, 4.0059438229181824E9, 4.005656975459091E9, 4.0056583257295456E9, 4.006056999364773E9, 4.0054356961823864E9, 4.005511864091193E9, 4.0054774520455966E9, 4.0055667260227985E9, 4.0060938460113993E9, 4.0051074875056996E9, 4.0056774297528496E9, 4.005559087376425E9, 4.0063175436882124E9, 4.005651731844106E9, 4.0047915839220533E9, 4.0046766239610267E9, 4.0051582719805136E9, 4.004657180490257E9, 4.0047029722451286E9, 4.0052311101225643E9, 4.005850452561282E9, 4.006079416280641E9, 4.005435948140321E9, 4.0059592060701604E9, 4.00515863953508E9, 4.00536605226754E9, 4.00474465813377E9, 4.004887954566885E9, 4.0054797292834425E9, 4.0055100436417212E9, 4.005193821820861E9, 4.0053963924104304E9, 4.0049853287052155E9, 4.0055348498526077E9, 4.005925878926304E9, 4.006097025463152E9, 4.005865696731576E9, 4.005307876865788E9, 4.0055669109328938E9, 4.005484496966447E9, 4.0055804369832234E9, 4.0054168984916115E9, 4.0061637257458057E9, 4.005471953872903E9, 4.0035709224364514E9, 2.0184807522182257E9]","[4.0046941369999995E9, 4.0064417529999967E9, 4.006205538999984E9, 4.006204230985032E9, 4.006631513372116E9, 4.003722346483207E9, 4.005553975593114E9, 4.005816674002597E9, 4.0055888282843695E9, 4.0065985447694273E9, 4.003888104611E9, 4.006477449811701E9, 4.0062106504355273E9, 4.006074956046517E9, 4.008345686299354E9, 4.0049679282103376E9, 4.0053848859781137E9, 4.0056605123182507E9, 4.0064599908915896E9, 4.005452237459642E9, 4.0055927249394956E9, 4.0054436720444384E9, 4.005656802212556E9, 4.006626162291301E9, 4.004118432344911E9, 4.0062491104712353E9, 4.0054404098294396E9, 4.0070800068360615E9, 4.0049825263451567E9, 4.0039286167290125E9, 4.0045605865465946E9, 4.005641197623473E9, 4.004148461790588E9, 4.0048013644849854E9, 4.005764323259508E9, 4.0064717786173697E9, 4.0063098374887886E9, 4.0047910097438436E9, 4.006484118382474E9, 4.004354522907261E9, 4.0055741680300922E9, 4.004117522584066E9, 4.005034224690539E9, 4.0060744008695197E9, 4.00554067808261E9, 4.0048762023552594E9, 4.0055998698363132E9, 4.00457216526315E9, 4.0060899419269056E9, 4.006319009805321E9, 4.006268421203691E9, 4.005631507600626E9, 4.00474541028634E9, 4.005829927364763E9, 4.0054009525378876E9, 4.00567739888698E9, 4.0052516375735617E9, 4.006917353549185E9, 4.0047723145976725E9, 4.0016645735927997E9]","[4004694137.000000000000000000, 4006441753.000000000000000000, 4006205539.000000000000000000, 4006629190.000000000000000000, 4003738224.000000000000000000, 4005544179.000000000000000000, 4004510995.000000000000000000, 4007029574.000000000000000000, 4005119702.000000000000000000, 4003895644.000000000000000000, 4006422144.000000000000000000, 4006210416.000000000000000000, 4006031939.000000000000000000, 4008338060.000000000000000000, 4004982508.000000000000000000, 4005370128.000000000000000000, 4005659676.000000000000000000, 4006455673.000000000000000000, 4004814393.000000000000000000, 4005588032.000000000000000000, 4005443040.000000000000000000, 4005656000.000000000000000000, 4006620966.000000000000000000, 4004121129.000000000000000000, 4006247372.000000000000000000, 4005440745.000000000000000000, 4007076000.000000000000000000, 4004985920.000000000000000000, 4003931436.000000000000000000, 4004561664.000000000000000000, 4005639920.000000000000000000, 4004156089.000000000000000000, 4004748764.000000000000000000, 4005759248.000000000000000000, 4006469795.000000000000000000, 4006308380.000000000000000000, 4004792480.000000000000000000, 4006482464.000000000000000000, 4004358073.000000000000000000, 4005573465.000000000000000000, 4004123264.000000000000000000, 4005031251.000000000000000000, 4006071504.000000000000000000, 4005540358.000000000000000000, 4004877600.000000000000000000, 4005598963.000000000000000000, 4004574265.000000000000000000, 4006084371.000000000000000000, 4006316908.000000000000000000, 4006268172.000000000000000000, 4005634368.000000000000000000, 4004750057.000000000000000000, 4005825945.000000000000000000, 4005402083.000000000000000000, 4005676377.000000000000000000, 4005253360.000000000000000000, 4006910553.000000000000000000, 4004780182.000000000000000000, 4001669891.000000000000000000, 33390582.000000000000000000]","[true, true, false, false, false, false, false, false, false, false, false, false, false, false, false, false, false, false, false, false, false, false, false, false, false, false, false, false, false, false, false, false, false, false, false, false, false, false, false, false, false, false, false, false, false, false, false, false, false, false, false, false, false, false, false, false, false, false, false, true]","[false, false, false, false, false, false, false, false, false, false, false, false, false, false, false, false, false, false, false, false, false, false, false, false, false, false, false, false, false, false, false, false, false, false, false, false, false, false, false, false, false, false, false, false, false, false, false, false, false, false, false, false, false, false, false, false, false, false, false, true]","[false, false, false, false, false, false, false, false, false, false, false, false, false, false, false, false, false, false, false, false, false, false, false, false, false, false, false, false, false, false, false, false, false, false, false, false, false, false, false, false, false, false, false, false, false, false, false, false, false, false, false, false, false, false, false, false, false, false, false, true]"
10.10.0.2,56236,10.0.2.3,53,17,2022-08-11T05:03:53.000-07:00,"",[0.0],"",[0E-18],[false],[false],[true]
10.10.1.25,53056,10.10.1.33,5201,6,2022-08-08T09:53:34.000-07:00,2.1635541253083393E8,"[2.000440774E9, 3.0105762365E9, 3.50987742025E9, 3.753630658625E9, 3.8818628793125E9, 3.93840613715625E9, 3.972898890578125E9, 3.9867215347890625E9, 3.9948559543945312E9, 3.9993345511972656E9, 4.000118467598633E9, 4.0029609262993164E9, 4.003811088649658E9, 4.003933230324829E9, 4.0054892231624146E9, 4.0054318675812073E9, 4.0047600422906036E9, 4.005792054645302E9, 4.006180923322651E9, 4.0071316021613255E9, 4.0060719480806627E9, 4.0059292280403314E9, 4.0054920060201654E9, 4.0039830845100827E9, 4.004940833255041E9, 4.0052526731275206E9, 4.0060243170637603E9, 4.0049536655318804E9, 4.00547373976594E9, 4.00686848888297E9, 4.005792436441485E9, 4.005931891720742E9, 4.005733087860371E9, 4.0075495324301853E9, 3.9941739082150927E9, 4.0018337716075463E9, 4.005393154303773E9, 4.0042240426518865E9, 4.005046272325943E9, 4.0086933086629715E9, 4.0118576893314857E9, 4.008367103665743E9, 4.0067473818328714E9, 4.0061416749164357E9, 4.0074120774582176E9, 4.005630739229109E9, 4.0047640796145544E9, 4.006225034807277E9, 4.005047651403639E9, 4.0044641262018194E9, 4.0046902451009097E9, 4.005511628050455E9, 4.0048592090252275E9, 4.005018852512614E9, 4.0054962227563066E9, 4.0056096248781533E9, 4.0051477179390764E9, 4.005243264969538E9, 4.005553184484769E9, 3.1676979537423844E9]","","[4000881548.000000000000000000, 4020711699.000000000000000000, 4009178604.000000000000000000, 3997383897.000000000000000000, 4010095100.000000000000000000, 3994949395.000000000000000000, 4007391644.000000000000000000, 4000544179.000000000000000000, 4002990374.000000000000000000, 4003813148.000000000000000000, 4000902384.000000000000000000, 4005803385.000000000000000000, 4004661251.000000000000000000, 4004055372.000000000000000000, 4007045216.000000000000000000, 4005374512.000000000000000000, 4004088217.000000000000000000, 4006824067.000000000000000000, 4006569792.000000000000000000, 4008082281.000000000000000000, 4005012294.000000000000000000, 4005786508.000000000000000000, 4005054784.000000000000000000, 4002474163.000000000000000000, 4005898582.000000000000000000, 4005564513.000000000000000000, 4006795961.000000000000000000, 4003883014.000000000000000000, 4005993814.000000000000000000, 4008263238.000000000000000000, 4004716384.000000000000000000, 4006071347.000000000000000000, 4005534284.000000000000000000, 4009365977.000000000000000000, 3980798284.000000000000000000, 4009493635.000000000000000000, 4008952537.000000000000000000, 4003054931.000000000000000000, 4005868502.000000000000000000, 4012340345.000000000000000000, 4015022070.000000000000000000, 4004876518.000000000000000000, 4005127660.000000000000000000, 4005535968.000000000000000000, 4008682480.000000000000000000, 4003849401.000000000000000000, 4003897420.000000000000000000, 4007685990.000000000000000000, 4003870268.000000000000000000, 4003880601.000000000000000000, 4004916364.000000000000000000, 4006333011.000000000000000000, 4004206790.000000000000000000, 4005178496.000000000000000000, 4005973593.000000000000000000, 4005723027.000000000000000000, 4004685811.000000000000000000, 4005338812.000000000000000000, 4005863104.000000000000000000, 2329842723.000000000000000000]","[true, true, true, true, false, false, false, false, false, false, false, false, false, false, false, false, false, false, false, false, false, false, false, false, false, false, false, false, false, false, false, false, false, false, false, false, false, false, false, false, false, false, false, false, false, false, false, false, false, false, false, false, false, false, false, false, false, false, false, true]",[false],"[false, false, false, false, false, false, false, false, false, false, false, false, false, false, false, false, false, false, false, false, false, false, false, false, false, false, false, false, false, false, false, false, false, false, false, false, false, false, false, false, false, false, false, false, false, false, false, false, false, false, false, false, false, false, false, false, false, false, false, true]"
10.10.1.25,33234,10.10.1.33,5201,6,2022-08-08T07:06:04.000-07:00,4.191904665750977E8,"[5.008067155E9, 7.5113067085E9, 8.76226359575E9, 9.390063922375E9, 9.7015799671875E9, 9.86359324759375E9, 9.941119018796875E9, 9.977234923398438E9, 9.997464896699219E9, 1.000601810234961E10, 1.0010600199674805E10, 1.0014042910837402E10, 1.0013465967418701E10, 1.001520397070935E10, 1.0011840602854675E10, 1.0013799001927338E10, 1.0014796610963669E10, 1.0014176105481834E10, 1.0014736231740917E10, 1.0016039872370459E10, 1.001679036818523E10, 1.0015898104092615E10, 1.0014412943046307E10, 1.0014449442523153E10, 1.0018863316261578E10, 1.0019508432130789E10, 1.0019535160065395E10, 1.0017296498032698E10, 1.001839556101635E10, 1.0015488372508175E10, 1.0012566995754087E10, 1.0014842825877045E10, 1.0016324567938522E10, 1.0015968389469261E10, 1.001611227773463E10, 1.0016056684367315E10, 1.0017258735683659E10, 1.001688144434183E10, 1.0013764678670914E10, 1.0014815142335457E10, 1.0010791532667728E10, 1.0027208596333864E10, 1.0022887219666931E10, 1.0019224438333466E10, 1.0017782268666733E10, 1.0014271766333366E10, 1.0014699924666683E10, 1.0014416984333342E10, 1.0030678836166672E10, 1.0025295824083336E10, 1.0021361809541668E10, 1.0016465099770834E10, 1.0017342850385418E10, 1.0015277548192709E10, 1.0013072758096355E10, 1.0013029203048178E10, 1.000330151802409E10, 1.0007905216512045E10, 1.0011065672256023E10, 1.0011459076128012E10, 1.0013955230564007E10, 9.982373861282003E9, 9.999546364141003E9, 1.0008337834570501E10, 1.0015125803285252E10, 1.0014206978142626E10, 1.0014969498571312E10, 1.0017039598785656E10, 1.0012258714392828E10, 1.0012653891196415E10, 9.986260329598207E9, 1.0001359393299103E10, 1.0007237150649551E10, 1.0012484779824776E10, 1.0011651624912388E10, 1.0012387165956194E10, 1.0025210312478096E10, 1.0019439156239048E10, 1.0016964539619524E10, 1.0019334273809761E10, 1.001972563890488E10, 1.001989838545244E10, 1.001389075422622E10, 1.001308264911311E10, 1.0012955135556555E10, 1.0016210103778278E10, 1.001516579588914E10, 1.0014751095944569E10, 1.0014849457972284E10, 1.0013946184986141E10, 1.000751857399307E10, 1.0011434520496536E10, 9.999188679248268E9, 1.0009860574624134E10, 1.0013708690312067E10, 1.0015924124156033E10, 1.0015010260078016E10, 1.003717454403901E10, 1.0026498292519505E10, 1.0020802621259752E10, 1.0015766156629875E10, 1.0014877188314938E10, 1.0014011710657469E10, 1.0032219904828735E10, 1.0022240772914368E10, 1.0017979458957184E10, 1.0014722076478592E10, 1.0014375748239296E10, 1.0015637061119648E10, 1.0015211445559824E10, 1.0015255111279911E10, 1.0014992947639956E10, 1.0012850310319977E10, 1.0013668841159988E10, 1.0012928750079994E10, 1.0012432378039997E10, 1.0012948142519999E10, 1.0012798583259998E10, 7.728298305629999E9]","","[10016134310.000000000000000000, 10014546262.000000000000000000, 10013220483.000000000000000000, 10017864249.000000000000000000, 10013096012.000000000000000000, 10025606528.000000000000000000, 10018644790.000000000000000000, 10013350828.000000000000000000, 10017694870.000000000000000000, 10014571308.000000000000000000, 10015182297.000000000000000000, 10017485622.000000000000000000, 10012889024.000000000000000000, 10016941974.000000000000000000, 10008477235.000000000000000000, 10015757401.000000000000000000, 10015794220.000000000000000000, 10013555600.000000000000000000, 10015296358.000000000000000000, 10017343513.000000000000000000, 10017540864.000000000000000000, 10015005840.000000000000000000, 10012927782.000000000000000000, 10014485942.000000000000000000, 10023277190.000000000000000000, 10020153548.000000000000000000, 10019561888.000000000000000000, 10015057836.000000000000000000, 10019494624.000000000000000000, 10012581184.000000000000000000, 10009645619.000000000000000000, 10017118656.000000000000000000, 10017806310.000000000000000000, 10015612211.000000000000000000, 10016256166.000000000000000000, 10016001091.000000000000000000, 10018460787.000000000000000000, 10016504153.000000000000000000, 10010647913.000000000000000000, 10015865606.000000000000000000, 10006767923.000000000000000000, 10043625660.000000000000000000, 10018565843.000000000000000000, 10015561657.000000000000000000, 10016340099.000000000000000000, 10010761264.000000000000000000, 10015128083.000000000000000000, 10014134044.000000000000000000, 10046940688.000000000000000000, 10019912812.000000000000000000, 10017427795.000000000000000000, 10011568390.000000000000000000, 10018220601.000000000000000000, 10013212246.000000000000000000, 10010867968.000000000000000000, 10012985648.000000000000000000, 9993573833.000000000000000000, 10012508915.000000000000000000, 10014226128.000000000000000000, 10011852480.000000000000000000, 10016451385.000000000000000000, 9950792492.000000000000000000, 10016718867.000000000000000000, 10017129305.000000000000000000, 10021913772.000000000000000000, 10013288153.000000000000000000, 10015732019.000000000000000000, 10019109699.000000000000000000, 10007477830.000000000000000000, 10013049068.000000000000000000, 9959866768.000000000000000000, 10016458457.000000000000000000, 10013114908.000000000000000000, 10017732409.000000000000000000, 10010818470.000000000000000000, 10013122707.000000000000000000, 10038033459.000000000000000000, 10013668000.000000000000000000, 10014489923.000000000000000000, 10021704008.000000000000000000, 10020117004.000000000000000000, 10020071132.000000000000000000, 10007883123.000000000000000000, 10012274544.000000000000000000, 10012827622.000000000000000000, 10019465072.000000000000000000, 10014121488.000000000000000000, 10014336396.000000000000000000, 10014947820.000000000000000000, 10013042912.000000000000000000, 10001090963.000000000000000000, 10015350467.000000000000000000, 9986942838.000000000000000000, 10020532470.000000000000000000, 10017556806.000000000000000000, 10018139558.000000000000000000, 10014096396.000000000000000000, 10059338828.000000000000000000, 10015822041.000000000000000000, 10015106950.000000000000000000, 10010729692.000000000000000000, 10013988220.000000000000000000, 10013146233.000000000000000000, 10050428099.000000000000000000, 10012261641.000000000000000000, 10013718145.000000000000000000, 10011464694.000000000000000000, 10014029420.000000000000000000, 10016898374.000000000000000000, 10014785830.000000000000000000, 10015298777.000000000000000000, 10014730784.000000000000000000, 10010707673.000000000000000000, 10014487372.000000000000000000, 10012188659.000000000000000000, 10011936006.000000000000000000, 10013463907.000000000000000000, 10012649024.000000000000000000, 5443798028.000000000000000000]","[true, true, true, true, false, false, false, false, false, false, false, false, false, false, false, false, false, false, false, false, false, false, false, false, false, false, false, false, false, false, false, false, false, false, false, false, false, false, false, false, false, false, false, false, false, false, false, false, false, false, false, false, false, false, false, false, false, false, false, false, false, false, false, false, false, false, false, false, false, false, false, false, false, false, false, false, false, false, false, false, false, false, false, false, false, false, false, false, false, false, false, false, false, false, false, false, false, false, false, false, false, false, false, false, false, false, false, false, false, false, false, false, false, false, false, false, false, false, true]",[false],"[false, false, false, false, false, false, false, false, false, false, false, false, false, false, false, false, false, false, false, false, false, false, false, false, false, false, false, false, false, false, false, false, false, false, false, false, false, false, false, false, false, false, false, false, false, false, false, false, false, false, false, false, false, false, false, false, false, false, false, false, false, false, false, false, false, false, false, false, false, false, false, false, false, false, false, false, false, false, false, false, false, false, false, false, false, false, false, false, false, false, false, false, false, false, false, false, false, false, false, false, false, false, false, false, false, false, false, false, false, false, false, false, false, false, false, false, false, false, true]"
10.10.1.25,47062,10.10.1.33,5201,6,2022-08-08T19:11:04.000-07:00,13.435028842544403,"[0.0, 9.5]","","[0E-18, 19.000000000000000000]","[false, false]",[false],"[true, true]"
10.10.1.36,59599,10.10.0.2,53,17,2022-08-11T05:03:53.000-07:00,"",[0.0],"",[0E-18],[false],[false],[true]
10.10.1.25,37192,10.10.1.33,5201,6,2022-08-08T17:47:57.000-07:00,5.144901622778582E8,"[2.50289492E9, 3.753926908E9, 4.37968218E9, 4.6930247265E9, 4.84886417725E9, 4.927856792625E9, 4.9662073848125E9, 4.98698280440625E9, 4.997840378203125E9, 5.0019213251015625E9, 5.004187529550781E9, 5.005111290775391E9, 5.005730035387695E9, 5.005167076693848E9, 5.005980120346924E9, 5.006628204173462E9, 5.006679106586731E9, 5.0052024172933655E9, 5.004993166646683E9, 5.005340917323341E9, 5.005565189661671E9, 5.005677322830835E9, 5.007764030915418E9, 5.007821919457708E9, 5.007850405728854E9, 5.007160951364428E9, 5.006400683682214E9, 5.006638701841106E9, 5.006216710920553E9, 5.005535383960277E9, 5.005514691980139E9, 5.005826603490069E9, 5.007429552745035E9, 5.007899921872518E9, 5.007651568936258E9, 5.007315531468129E9, 5.006597319234064E9, 5.005559238617032E9, 5.005275863808516E9, 5.005949272404258E9, 5.007616319202129E9, 5.007863797601065E9, 5.007610519300532E9, 5.006671973150267E9, 5.007622610575133E9, 5.006736514787567E9, 5.006966481393784E9, 5.007368282196892E9, 5.006678715098446E9, 5.006209426049223E9, 5.006687786524611E9, 5.005480563262306E9, 5.006797071131153E9, 5.007567594565577E9, 5.007126296282788E9, 5.006401452141394E9, 5.006749404070697E9, 5.006444799535349E9, 3.0305414397676744E9]","","[5005789840.000000000000000000, 5004958896.000000000000000000, 5005437452.000000000000000000, 5006367273.000000000000000000, 5004703628.000000000000000000, 5006849408.000000000000000000, 5004557977.000000000000000000, 5007758224.000000000000000000, 5008697952.000000000000000000, 5006002272.000000000000000000, 5006453734.000000000000000000, 5006035052.000000000000000000, 5006348780.000000000000000000, 5004604118.000000000000000000, 5006793164.000000000000000000, 5007276288.000000000000000000, 5006730009.000000000000000000, 5003725728.000000000000000000, 5004783916.000000000000000000, 5005688668.000000000000000000, 5005789462.000000000000000000, 5005789456.000000000000000000, 5009850739.000000000000000000, 5007879808.000000000000000000, 5007878892.000000000000000000, 5006471497.000000000000000000, 5005640416.000000000000000000, 5006876720.000000000000000000, 5005794720.000000000000000000, 5004854057.000000000000000000, 5005494000.000000000000000000, 5006138515.000000000000000000, 5009032502.000000000000000000, 5008370291.000000000000000000, 5007403216.000000000000000000, 5006979494.000000000000000000, 5005879107.000000000000000000, 5004521158.000000000000000000, 5004992489.000000000000000000, 5006622681.000000000000000000, 5009283366.000000000000000000, 5008111276.000000000000000000, 5007357241.000000000000000000, 5005733427.000000000000000000, 5008573248.000000000000000000, 5005850419.000000000000000000, 5007196448.000000000000000000, 5007770083.000000000000000000, 5005989148.000000000000000000, 5005740137.000000000000000000, 5007166147.000000000000000000, 5004273340.000000000000000000, 5008113579.000000000000000000, 5008338118.000000000000000000, 5006684998.000000000000000000, 5005676608.000000000000000000, 5007097356.000000000000000000, 5006140195.000000000000000000, 1054638080.000000000000000000]","[true, true, true, false, false, false, false, false, false, false, false, false, false, false, false, false, false, false, false, false, false, false, false, false, false, false, false, false, false, false, false, false, false, false, false, false, false, false, false, false, false, false, false, false, false, false, false, false, false, false, false, false, false, false, false, false, false, false, true]",[false],"[false, false, false, false, false, false, false, false, false, false, false, false, false, false, false, false, false, false, false, false, false, false, false, false, false, false, false, false, false, false, false, false, false, false, false, false, false, false, false, false, false, false, false, false, false, false, false, false, false, false, false, false, false, false, false, false, false, false, true]"
10.10.1.25,39630,10.10.1.33,5201,6,2022-08-10T20:12:26.000-07:00,2.1034841790460983E8,"[2.002543414E9, 3.00403247E9, 3.5041293645E9, 3.75491924025E9, 3.882292013625E9, 3.9433479203125E9, 3.97443041115625E9, 3.989879075578125E9, 3.9978843632890625E9, 4.0011729686445312E9, 4.0033062823222656E9, 4.003984126661133E9, 4.0044454343305664E9, 4.004981241665283E9, 4.0054153103326416E9, 4.005601461166321E9, 4.0061785445831604E9, 4.00569248479158E9, 4.00602615589579E9, 4.005659093947895E9, 4.0053783789739475E9, 4.005379414986974E9, 4.005227079993487E9, 4.004835923996743E9, 4.0050849024983716E9, 4.0056274797491856E9, 4.005474579874593E9, 4.0053820079372964E9, 4.005776542968648E9, 4.005541400984324E9, 4.0055143769921618E9, 4.005632272996081E9, 4.00551155049804E9, 4.00553467574902E9, 4.00502654887451E9, 4.005665149437255E9, 4.0064248467186275E9, 4.007280875859314E9, 4.006224512929657E9, 4.0050186864648285E9, 4.0051502837324142E9, 4.005524415366207E9, 4.0052218041831036E9, 4.005776807591552E9, 4.005283161795776E9, 4.004409322897888E9, 4.005264033948944E9, 4.004228811974472E9, 4.005140675987236E9, 4.005748753993618E9, 4.005066676996809E9, 4.0052784184984045E9, 4.0056607802492023E9, 4.0057767371246014E9, 4.0054402100623007E9, 4.0036122040311503E9, 4.0047757900155754E9, 4.0049768100077877E9, 4.005666505503894E9, 3.190889884751947E9]","","[4005086828.000000000000000000, 4005521526.000000000000000000, 4004226259.000000000000000000, 4005709116.000000000000000000, 4009664787.000000000000000000, 4004403827.000000000000000000, 4005512902.000000000000000000, 4005327740.000000000000000000, 4005889651.000000000000000000, 4004461574.000000000000000000, 4005439596.000000000000000000, 4004661971.000000000000000000, 4004906742.000000000000000000, 4005517049.000000000000000000, 4005849379.000000000000000000, 4005787612.000000000000000000, 4006755628.000000000000000000, 4005206425.000000000000000000, 4006359827.000000000000000000, 4005292032.000000000000000000, 4005097664.000000000000000000, 4005380451.000000000000000000, 4005074745.000000000000000000, 4004444768.000000000000000000, 4005333881.000000000000000000, 4006170057.000000000000000000, 4005321680.000000000000000000, 4005289436.000000000000000000, 4006171078.000000000000000000, 4005306259.000000000000000000, 4005487353.000000000000000000, 4005750169.000000000000000000, 4005390828.000000000000000000, 4005557801.000000000000000000, 4004518422.000000000000000000, 4006303750.000000000000000000, 4007184544.000000000000000000, 4008136905.000000000000000000, 4005168150.000000000000000000, 4003812860.000000000000000000, 4005281881.000000000000000000, 4005898547.000000000000000000, 4004919193.000000000000000000, 4006331811.000000000000000000, 4004789516.000000000000000000, 4003535484.000000000000000000, 4006118745.000000000000000000, 4003193590.000000000000000000, 4006052540.000000000000000000, 4006356832.000000000000000000, 4004384600.000000000000000000, 4005490160.000000000000000000, 4006043142.000000000000000000, 4005892694.000000000000000000, 4005103683.000000000000000000, 4001784198.000000000000000000, 4005939376.000000000000000000, 4005177830.000000000000000000, 4006356201.000000000000000000, 2376113264.000000000000000000]","[true, true, true, true, false, false, false, false, false, false, false, false, false, false, false, false, false, false, false, false, false, false, false, false, false, false, false, false, false, false, false, false, false, false, false, false, false, false, false, false, false, false, false, false, false, false, false, false, false, false, false, false, false, false, false, false, false, false, false, true]",[false],"[false, false, false, false, false, false, false, false, false, false, false, false, false, false, false, false, false, false, false, false, false, false, false, false, false, false, false, false, false, false, false, false, false, false, false, false, false, false, false, false, false, false, false, false, false, false, false, false, false, false, false, false, false, false, false, false, false, false, false, true]"
10.10.1.25,47186,10.10.1.33,5201,6,2022-08-08T05:06:46.000-07:00,3.4586530035991296E7,"[4.5056975375E9, 6.75931934625E9, 7.886467495125E9, 8.4536571135625E9, 8.73234278378125E9, 8.872936196390625E9, 8.942995269195312E9, 8.981547216597656E9, 8.997069510298828E9, 9.004808563149414E9, 9.008923860574707E9, 9.007641638787354E9, 9.009825628893677E9, 9.011676892446838E9, 9.01104591322342E9, 9.01266468461171E9, 9.020504324305855E9, 9.016435790652927E9, 9.013286023326464E9, 9.01310182416323E9, 9.013713750081615E9, 9.013418145040808E9, 9.012949262520405E9, 9.013876163760202E9, 9.0127526098801E9, 9.01539728894005E9, 9.014085520970024E9, 9.012331219485012E9, 9.012305875242506E9, 9.011713278121254E9, 9.012979488560627E9, 9.016816473780313E9, 9.014351050890156E9, 9.013380696445078E9, 9.012512831222538E9, 9.011587231611269E9, 9.013843596305634E9, 9.013471615652817E9, 9.011415060326408E9, 9.012613936163204E9, 9.012003214081602E9, 9.011690739540802E9, 9.013193670270401E9, 9.0118601646352E9, 9.0123177333176E9, 9.0118208151588E9, 9.0124848010794E9, 9.0115832645397E9, 9.01199992326985E9, 9.012554937634926E9, 9.011739580817463E9, 9.012665473408731E9, 9.012810685204365E9, 9.014104475102182E9, 9.01371630155109E9, 9.013419390775545E9, 9.014204895387772E9, 9.014760284193886E9, 9.014010372096943E9, 8.880260718548471E9]","[Infinity, Infinity, Infinity, NaN, NaN, NaN, NaN, NaN, NaN, NaN, NaN, NaN, NaN, NaN, NaN, NaN, NaN, NaN, NaN, NaN, NaN, NaN, NaN, NaN, NaN, NaN, NaN, NaN, NaN, NaN, NaN, NaN, NaN, NaN, NaN, NaN, NaN, NaN, NaN, NaN, NaN, NaN, NaN, NaN, NaN, NaN, NaN, NaN, NaN, NaN, NaN, NaN, NaN, NaN, NaN, NaN, NaN, NaN, NaN, NaN]","[9011395075.000000000000000000, 9012941155.000000000000000000, 9013615644.000000000000000000, 9020846732.000000000000000000, 9011028454.000000000000000000, 9013529609.000000000000000000, 9013054342.000000000000000000, 9020099164.000000000000000000, 9012591804.000000000000000000, 9012547616.000000000000000000, 9013039158.000000000000000000, 9006359417.000000000000000000, 9012009619.000000000000000000, 9013528156.000000000000000000, 9010414934.000000000000000000, 9014283456.000000000000000000, 9028343964.000000000000000000, 9012367257.000000000000000000, 9010136256.000000000000000000, 9012917625.000000000000000000, 9014325676.000000000000000000, 9013122540.000000000000000000, 9012480380.000000000000000000, 9014803065.000000000000000000, 9011629056.000000000000000000, 9018041968.000000000000000000, 9012773753.000000000000000000, 9010576918.000000000000000000, 9012280531.000000000000000000, 9011120681.000000000000000000, 9014245699.000000000000000000, 9020653459.000000000000000000, 9011885628.000000000000000000, 9012410342.000000000000000000, 9011644966.000000000000000000, 9010661632.000000000000000000, 9016099961.000000000000000000, 9013099635.000000000000000000, 9009358505.000000000000000000, 9013812812.000000000000000000, 9011392492.000000000000000000, 9011378265.000000000000000000, 9014696601.000000000000000000, 9010526659.000000000000000000, 9012775302.000000000000000000, 9011323897.000000000000000000, 9013148787.000000000000000000, 9010681728.000000000000000000, 9012416582.000000000000000000, 9013109952.000000000000000000, 9010924224.000000000000000000, 9013591366.000000000000000000, 9012955897.000000000000000000, 9015398265.000000000000000000, 9013328128.000000000000000000, 9013122480.000000000000000000, 9014990400.000000000000000000, 9015315673.000000000000000000, 9013260460.000000000000000000, 8746511065.000000000000000000]","[true, true, true, true, true, true, true, true, false, false, false, false, false, false, false, false, false, false, false, false, false, false, false, false, false, false, false, false, false, false, false, false, false, false, false, false, false, false, false, false, false, false, false, false, false, false, false, false, false, false, false, false, false, false, false, false, false, false, false, true]","[true, true, true, false, false, false, false, false, false, false, false, false, false, false, false, false, false, false, false, false, false, false, false, false, false, false, false, false, false, false, false, false, false, false, false, false, false, false, false, false, false, false, false, false, false, false, false, false, false, false, false, false, false, false, false, false, false, false, false, false]","[false, false, false, false, false, false, false, false, false, false, false, false, false, false, false, false, false, false, false, false, false, false, false, false, false, false, false, false, false, false, false, false, false, false, false, false, false, false, false, false, false, false, false, false, false, false, false, false, false, false, false, false, false, false, false, false, false, false, false, true]"
10.10.1.25,38494,10.10.1.33,5201,6,2022-08-08T17:58:00.000-07:00,12.727922061357855,"[0.0, 9.0]","","[0E-18, 18.000000000000000000]","[false, false]",[false],"[true, true]"
10.10.1.36,51458,10.10.0.2,53,6,2022-08-11T05:03:53.000-07:00,"",[280.5],"",[561.000000000000000000],[false],[false],[true]
10.10.1.25,58766,10.10.1.33,5201,6,2022-08-08T06:43:17.000-07:00,13.435028842544403,"[0.0, 9.5]","","[0E-18, 19.000000000000000000]","[false, false]",[false],"[true, true]"
10.10.0.2,48412,10.0.2.3,53,17,2022-08-11T05:03:53.000-07:00,"",[0.0],"",[0E-18],[false],[false],[true]
10.10.1.36,57601,10.10.0.2,53,17,2022-08-11T05:03:53.000-07:00,"",[0.0],"",[0E-18],[false],[false],[true]
10.10.1.25,48846,10.10.1.33,5201,6,2022-08-08T05:20:35.000-07:00,161282.8789432921,"[111360.0, 194880.0, 222720.0, 271440.0, 136880.0, 70760.0, 81780.0, 165010.0, 198505.0, 188572.5, 159246.25, 80783.125, 140151.5625, 252195.78125, 282697.890625, 237628.9453125, 350814.47265625, 283287.236328125, 443243.6181640625, 326021.80908203125, 296410.9045410156, 263045.4522705078, 278842.7261352539, 350541.36306762695, 273290.6815338135, 318723.34076690674, 427321.67038345337, 343580.8351917267, 469910.41759586334, 371835.2087979317, 277557.60439896584, 214178.80219948292, 315889.40109974146, 235664.70054987073, 230352.35027493536, 248576.17513746768, 225208.08756873384, 324884.0437843669, 197242.02189218346, 287701.01094609173, 313210.50547304587, 158925.25273652293, 91062.62636826147, 45531.31318413073, 164865.65659206535, 211192.82829603268, 257556.41414801634, 262178.2070740082, 132249.1035370041, 375345.05176850205, 234072.52588425102, 140236.2629421255, 124638.13147106275, 137719.0657355314, 167459.5328677657, 141729.76643388285, 72024.88321694142, 36012.44160847071, 18047.720804235356, 9023.860402117678, 4511.930201058839]","[222720.0, 278400.00000000006, 250560.0000000001, 288024.76357276714, 269129.8168204393, 48847.40070749366, 4640.0026003675885, 105875.51691892096, 248241.9862339126, 231897.7082389643, 164764.26900067087, 137679.71064237301, 28789.64591568984, 149699.54248995602, 211412.5949829445, 209618.0752482844, 167426.76656056012, 273676.2291720336, 185640.65840245393, 333886.3313315394, 192323.41266181256, 215490.870496859, 203634.81503371426, 240137.1594011062, 307639.97161381406, 215050.2336802968, 290698.9294846375, 370934.07359489094, 277590.76629616536, 406773.4748944742, 310867.8507362752, 258815.35445480538, 225942.26985937307, 323311.44486424973, 234504.78943974766, 252733.1401984787, 264799.5362837111, 240684.33829007894, 309075.05505027587, 193309.2926311619, 274318.84017246944, 277114.225869447, 153828.72013608227, 117301.21275371384, 31871.894444331527, 162369.08097024317, 219730.49283170275, 234569.1290239688, 224839.25500806654, 81512.2219683201, 268443.8096172595, 174119.70074247036, 131586.85698535776, 137175.94759656079, 143726.1243555182, 155419.29796492774, 141583.0719465236, 86766.39696212787, 46643.17044762975, 26888.142330826762, 12620.586581636999]","[222720.000000000000000000, 278400.000000000000000000, 250560.000000000000000000, 320160.000000000000000000, 2320.000000000000000000, 4640.000000000000000000, 92800.000000000000000000, 248240.000000000000000000, 232000.000000000000000000, 178640.000000000000000000, 129920.000000000000000000, 2320.000000000000000000, 199520.000000000000000000, 364240.000000000000000000, 313200.000000000000000000, 192560.000000000000000000, 464000.000000000000000000, 215760.000000000000000000, 603200.000000000000000000, 208800.000000000000000000, 266800.000000000000000000, 229680.000000000000000000, 294640.000000000000000000, 422240.000000000000000000, 196040.000000000000000000, 364156.000000000000000000, 535920.000000000000000000, 259840.000000000000000000, 596240.000000000000000000, 273760.000000000000000000, 183280.000000000000000000, 150800.000000000000000000, 417600.000000000000000000, 155440.000000000000000000, 225040.000000000000000000, 266800.000000000000000000, 201840.000000000000000000, 424560.000000000000000000, 69600.000000000000000000, 378160.000000000000000000, 338720.000000000000000000, 4640.000000000000000000, 23200.000000000000000000, 0E-18, 284200.000000000000000000, 257520.000000000000000000, 303920.000000000000000000, 266800.000000000000000000, 2320.000000000000000000, 618441.000000000000000000, 92800.000000000000000000, 46400.000000000000000000, 109040.000000000000000000, 150800.000000000000000000, 197200.000000000000000000, 116000.000000000000000000, 2320.000000000000000000, 0E-18, 83.000000000000000000, 0E-18, 0E-18]","[false, false, false, false, false, false, false, false, false, false, false, false, false, false, false, false, false, false, false, false, false, false, false, false, false, false, false, false, false, false, false, false, false, false, false, false, false, false, false, false, false, false, false, false, false, false, false, false, false, true, false, false, false, false, false, false, false, false, false, false, false]","[false, false, false, false, true, false, false, false, false, false, false, false, true, true, false, false, true, false, true, false, false, false, false, true, false, false, true, false, true, false, false, false, true, true, false, false, false, true, true, true, false, true, false, false, true, false, false, false, true, true, true, false, false, false, false, false, false, false, false, false, false]","[false, false, false, false, false, false, false, false, false, false, false, false, false, false, false, false, false, false, false, false, false, false, false, false, false, false, false, false, false, false, false, false, false, false, false, false, false, false, false, false, false, false, false, false, false, false, false, false, false, false, false, false, false, false, false, false, false, false, false, false, false]"
10.10.1.25,52452,10.10.1.33,5201,6,2022-08-08T05:49:54.000-07:00,3.839667825320627E8,"[2.504007542E9, 3.756319798E9, 4.382565022E9, 4.6938606275E9, 4.85043558575E9, 4.929494952875E9, 4.9682963804375E9, 4.98654261721875E9, 4.996555511609375E9, 5.0010275173046875E9, 5.004890036652344E9, 5.005898336326172E9, 5.006303185663086E9, 5.006391930331543E9, 5.0067432706657715E9, 5.007049590332886E9, 5.007413547166443E9, 5.007050520583221E9, 5.007094930291611E9, 5.007245679145805E9, 5.007206669572903E9, 5.006806419286451E9, 5.006386900643226E9, 5.006640266321613E9, 5.005822621160807E9, 5.007311798580403E9, 5.007200742290201E9, 5.007164223645101E9, 5.00693247332255E9, 5.006898617161275E9, 5.006255361080637E9, 5.0065015570403185E9, 5.007401085520159E9, 5.007262104260079E9, 5.006447973630039E9, 5.00553451131502E9, 5.00648360415751E9, 5.007010970078754E9, 5.007324405039377E9, 5.007450983019689E9, 5.007297622509844E9, 5.006490121254922E9, 5.0071526346274605E9, 5.00768002581373E9, 5.007732727906865E9, 5.008194472453432E9, 5.007592599226716E9, 5.007789822613358E9, 5.007985955806679E9, 5.007544126403339E9, 5.00774725970167E9, 5.007511839350835E9, 5.007329865175417E9, 5.006122910087708E9, 5.006120789043854E9, 5.006949343021927E9, 5.007068197510963E9, 5.006292130755482E9, 5.006080740377741E9, 3.5194574516888704E9]","","[5008015084.000000000000000000, 5008632054.000000000000000000, 5008810246.000000000000000000, 5005156233.000000000000000000, 5007010544.000000000000000000, 5008554320.000000000000000000, 5007097808.000000000000000000, 5004788854.000000000000000000, 5006568406.000000000000000000, 5005499523.000000000000000000, 5008752556.000000000000000000, 5006906636.000000000000000000, 5006708035.000000000000000000, 5006480675.000000000000000000, 5007094611.000000000000000000, 5007355910.000000000000000000, 5007777504.000000000000000000, 5006687494.000000000000000000, 5007139340.000000000000000000, 5007396428.000000000000000000, 5007167660.000000000000000000, 5006406169.000000000000000000, 5005967382.000000000000000000, 5006893632.000000000000000000, 5005004976.000000000000000000, 5008800976.000000000000000000, 5007089686.000000000000000000, 5007127705.000000000000000000, 5006700723.000000000000000000, 5006864761.000000000000000000, 5005612105.000000000000000000, 5006747753.000000000000000000, 5008300614.000000000000000000, 5007123123.000000000000000000, 5005633843.000000000000000000, 5004621049.000000000000000000, 5007432697.000000000000000000, 5007538336.000000000000000000, 5007637840.000000000000000000, 5007577561.000000000000000000, 5007144262.000000000000000000, 5005682620.000000000000000000, 5007815148.000000000000000000, 5008207417.000000000000000000, 5007785430.000000000000000000, 5008656217.000000000000000000, 5006990726.000000000000000000, 5007987046.000000000000000000, 5008182089.000000000000000000, 5007102297.000000000000000000, 5007950393.000000000000000000, 5007276419.000000000000000000, 5007147891.000000000000000000, 5004915955.000000000000000000, 5006118668.000000000000000000, 5007777897.000000000000000000, 5007187052.000000000000000000, 5005516064.000000000000000000, 5005869350.000000000000000000, 2032834163.000000000000000000]","[true, true, true, false, false, false, false, false, false, false, false, false, false, false, false, false, false, false, false, false, false, false, false, false, false, false, false, false, false, false, false, false, false, false, false, false, false, false, false, false, false, false, false, false, false, false, false, false, false, false, false, false, false, false, false, false, false, false, false, true]",[false],"[false, false, false, false, false, false, false, false, false, false, false, false, false, false, false, false, false, false, false, false, false, false, false, false, false, false, false, false, false, false, false, false, false, false, false, false, false, false, false, false, false, false, false, false, false, false, false, false, false, false, false, false, false, false, false, false, false, false, false, true]"
10.10.1.37,37538,10.10.1.37,9000,6,2022-08-11T05:03:01.000-07:00,"",[0.0],"",[0E-18],[false],[false],[true]
10.10.1.25,42342,10.10.1.33,5201,6,2022-08-10T20:34:16.000-07:00,1.8064588714314973E8,"[2.0024556E9, 3.0043948125E9, 3.50450598375E9, 3.754144509875E9, 3.8815384019375E9, 3.94328443746875E9, 3.975058208734375E9, 3.9902810673671875E9, 3.9974609496835938E9, 4.000554909841797E9, 4.0028957044208984E9, 4.004241440710449E9, 4.0047390403552246E9, 4.0041113601776123E9, 4.004061246088806E9, 4.005371746044403E9, 4.0045110745222015E9, 4.005539373761101E9, 4.0066985793805504E9, 4.006841489690275E9, 4.0058610568451376E9, 4.004742425922569E9, 4.0040871824612846E9, 4.0051878952306423E9, 4.009257673615321E9, 4.0100499613076606E9, 4.0156915916538305E9, 4.0011479443269153E9, 4.003292228163458E9, 4.004354389081729E9, 3.9998847945408645E9, 4.0023649282704325E9, 4.003920857635216E9, 4.001776162817608E9, 4.003098402908804E9, 4.005863204454402E9, 4.001686238727201E9, 4.0067207733636007E9, 4.0084007146818004E9, 4.0104740148409004E9, 4.00957638642045E9, 4.010881489210225E9, 4.0003692901051126E9, 4.006400187052556E9, 4.005834752526278E9, 4.002932508763139E9, 4.0050629773815694E9, 3.9954117701907845E9, 3.985661561595392E9, 3.996079244797696E9, 4.001721166398848E9, 3.997892333199424E9, 3.997605596599712E9, 4.005033566299856E9, 4.008018581149928E9, 3.980456773574964E9, 3.9869889707874823E9, 3.983445742893741E9, 3.989886328946871E9, 3.2978775994734354E9]","","[4004911200.000000000000000000, 4006334025.000000000000000000, 4004617155.000000000000000000, 4003783036.000000000000000000, 4008932294.000000000000000000, 4005030473.000000000000000000, 4006831980.000000000000000000, 4005503926.000000000000000000, 4004640832.000000000000000000, 4003648870.000000000000000000, 4005236499.000000000000000000, 4005587177.000000000000000000, 4005236640.000000000000000000, 4003483680.000000000000000000, 4004011132.000000000000000000, 4006682246.000000000000000000, 4003650403.000000000000000000, 4006567673.000000000000000000, 4007857785.000000000000000000, 4006984400.000000000000000000, 4004880624.000000000000000000, 4003623795.000000000000000000, 4003431939.000000000000000000, 4006288608.000000000000000000, 4013327452.000000000000000000, 4010842249.000000000000000000, 4021333222.000000000000000000, 3986604297.000000000000000000, 4005436512.000000000000000000, 4005416550.000000000000000000, 3995415200.000000000000000000, 4004845062.000000000000000000, 4005476787.000000000000000000, 3999631468.000000000000000000, 4004420643.000000000000000000, 4008628006.000000000000000000, 3997509273.000000000000000000, 4011755308.000000000000000000, 4010080656.000000000000000000, 4012547315.000000000000000000, 4008678758.000000000000000000, 4012186592.000000000000000000, 3989857091.000000000000000000, 4012431084.000000000000000000, 4005269318.000000000000000000, 4000030265.000000000000000000, 4007193446.000000000000000000, 3985760563.000000000000000000, 3975911353.000000000000000000, 4006496928.000000000000000000, 4007363088.000000000000000000, 3994063500.000000000000000000, 3997318860.000000000000000000, 4012461536.000000000000000000, 4011003596.000000000000000000, 3952894966.000000000000000000, 3993521168.000000000000000000, 3979902515.000000000000000000, 3996326915.000000000000000000, 2605868870.000000000000000000]","[true, true, true, true, false, false, false, false, false, false, false, false, false, false, false, false, false, false, false, false, false, false, false, false, false, false, false, false, false, false, false, false, false, false, false, false, false, false, false, false, false, false, false, false, false, false, false, false, false, false, false, false, false, false, false, false, false, false, false, true]",[false],"[false, false, false, false, false, false, false, false, false, false, false, false, false, false, false, false, false, false, false, false, false, false, false, false, false, false, false, false, false, false, false, false, false, false, false, false, false, false, false, false, false, false, false, false, false, false, false, false, false, false, false, false, false, false, false, false, false, false, false, true]"
10.10.1.25,48844,10.10.1.33,5201,6,2022-08-08T05:20:34.000-07:00,17.67766952966369,"[0.0, 12.5]","","[0E-18, 25.000000000000000000]","[false, false]",[false],"[true, true]"
10.10.1.25,39628,10.10.1.33,5201,6,2022-08-10T20:12:26.000-07:00,13.435028842544403,"[0.0, 9.5]","","[0E-18, 19.000000000000000000]","[false, false]",[false],"[true, true]"
10.10.1.36,39421,10.10.0.2,53,17,2022-08-11T05:03:53.000-07:00,"",[0.0],"",[0E-18],[false],[false],[true]
10.10.1.25,52450,10.10.1.33,5201,6,2022-08-08T05:49:54.000-07:00,13.435028842544403,"[0.0, 9.5]","","[0E-18, 19.000000000000000000]","[false, false]",[false],"[true, true]"
